Index	Label
0	T-shirt/top
1	Trouser
2	Pullover
3	Pullover
4	Dress
5	Pullover
6	Bag
7	Shirt
8	Sandal
9	T-shirt/top
10	Dress
11	Coat
12	Coat
13	Shirt
14	Bag
15	Sandal
16	Shirt
17	Dress
18	Shirt
19	Coat
20	Coat
21	Coat
22	Pullover
23	Trouser
24	Sandal
25	Sneaker
26	Bag
27	Coat
28	Coat
29	Trouser
30	Sandal
31	Sneaker
32	Sneaker
33	Bag
34	Trouser
35	T-shirt/top
36	Ankle boot
37	Bag
38	T-shirt/top
39	Bag
40	Pullover
41	T-shirt/top
42	Coat
43	Shirt
44	Pullover
45	T-shirt/top
46	Dress
47	Dress
48	Pullover
49	Dress
50	Pullover
51	Pullover
52	Ankle boot
53	Dress
54	T-shirt/top
55	Ankle boot
56	Ankle boot
57	Coat
58	Shirt
59	T-shirt/top
60	Coat
61	Sandal
62	Coat
63	Shirt
64	Trouser
65	Trouser
66	T-shirt/top
67	Ankle boot
68	Sandal
69	Pullover
70	Sneaker
71	Dress
72	Coat
73	Shirt
74	Sandal
75	Sneaker
76	Trouser
77	Shirt
78	Trouser
79	Coat
80	Ankle boot
81	Bag
82	Trouser
83	Pullover
84	Coat
85	Bag
86	Ankle boot
87	Coat
88	Trouser
89	Shirt
90	Dress
91	Coat
92	Pullover
93	Pullover
94	Pullover
95	Shirt
96	Coat
97	Sneaker
98	Sneaker
99	Dress
100	Ankle boot
101	Dress
102	Ankle boot
103	T-shirt/top
104	Bag
105	Pullover
106	Dress
107	Bag
108	Pullover
109	Sneaker
110	Sandal
111	Sandal
112	Dress
113	Pullover
114	Sneaker
115	Sandal
116	T-shirt/top
117	Pullover
118	Sneaker
119	Trouser
120	T-shirt/top
121	Sandal
122	Coat
123	Coat
124	Sneaker
125	T-shirt/top
126	Bag
127	Sandal
128	T-shirt/top
129	Dress
130	Trouser
131	Sneaker
132	Ankle boot
133	Coat
134	Ankle boot
135	Shirt
136	Coat
137	Coat
138	Pullover
139	Coat
140	Dress
141	Dress
142	Dress
143	Pullover
144	Pullover
145	Shirt
146	T-shirt/top
147	T-shirt/top
148	Trouser
149	Dress
150	Coat
151	Dress
152	Dress
153	Trouser
154	Ankle boot
155	Dress
156	Dress
157	Dress
158	Ankle boot
159	Sandal
160	Shirt
161	Sneaker
162	Sneaker
163	Dress
164	Pullover
165	Coat
166	T-shirt/top
167	Bag
168	Sneaker
169	Pullover
170	Pullover
171	Bag
172	Ankle boot
173	T-shirt/top
174	Pullover
175	Coat
176	Coat
177	Sandal
178	Sneaker
179	Ankle boot
180	Ankle boot
181	Trouser
182	Dress
183	Ankle boot
184	Trouser
185	Sandal
186	Sandal
187	Shirt
188	T-shirt/top
189	Sneaker
190	Coat
191	Ankle boot
192	Trouser
193	Shirt
194	T-shirt/top
195	T-shirt/top
196	T-shirt/top
197	Coat
198	T-shirt/top
199	Ankle boot
200	T-shirt/top
201	Coat
202	Pullover
203	Sandal
204	Sandal
205	Bag
206	Shirt
207	Pullover
208	Trouser
209	Ankle boot
210	T-shirt/top
211	Coat
212	Sneaker
213	Trouser
214	Ankle boot
215	Sandal
216	Ankle boot
217	T-shirt/top
218	Pullover
219	Bag
220	Sandal
221	Sneaker
222	Sneaker
223	Dress
224	Pullover
225	Coat
226	Sandal
227	Sneaker
228	Bag
229	Trouser
230	Ankle boot
231	Sandal
232	Shirt
233	Pullover
234	Ankle boot
235	Sneaker
236	Coat
237	T-shirt/top
238	Ankle boot
239	Pullover
240	Trouser
241	Sandal
242	Sneaker
243	Sneaker
244	T-shirt/top
245	Pullover
246	Coat
247	Sandal
248	Dress
249	Dress
250	Bag
251	Trouser
252	Shirt
253	Pullover
254	Coat
255	Bag
256	Shirt
257	Ankle boot
258	Bag
259	Dress
260	Dress
261	Pullover
262	Coat
263	Pullover
264	Pullover
265	Ankle boot
266	Dress
267	Ankle boot
268	Pullover
269	Bag
270	Shirt
271	Bag
272	Bag
273	Pullover
274	Sneaker
275	Pullover
276	Sandal
277	Sandal
278	Ankle boot
279	Sandal
280	Bag
281	Pullover
282	Coat
283	Bag
284	Coat
285	Bag
286	Dress
287	Trouser
288	Pullover
289	Pullover
290	Pullover
291	Trouser
292	Bag
293	Trouser
294	Dress
295	Dress
296	Coat
297	Trouser
298	Sneaker
299	T-shirt/top
300	Sandal
301	Pullover
302	T-shirt/top
303	Sneaker
304	Shirt
305	Shirt
306	Sneaker
307	Coat
308	Sneaker
309	Sneaker
310	Trouser
311	Shirt
312	Shirt
313	Shirt
314	Sneaker
315	Bag
316	Sneaker
317	T-shirt/top
318	Ankle boot
319	Pullover
320	T-shirt/top
321	Pullover
322	Sandal
323	T-shirt/top
324	Bag
325	Sandal
326	Bag
327	Sneaker
328	Sneaker
329	Coat
330	Trouser
331	Pullover
332	Ankle boot
333	Sneaker
334	Shirt
335	T-shirt/top
336	Trouser
337	Shirt
338	Dress
339	Bag
340	Shirt
341	Sandal
342	Sandal
343	T-shirt/top
344	Ankle boot
345	Pullover
346	Ankle boot
347	Bag
348	T-shirt/top
349	Shirt
350	Ankle boot
351	Shirt
352	Coat
353	Dress
354	Shirt
355	Shirt
356	Shirt
357	Bag
358	Sandal
359	Ankle boot
360	Sandal
361	Trouser
362	Pullover
363	T-shirt/top
364	Sneaker
365	Trouser
366	Pullover
367	Sneaker
368	Sandal
369	Ankle boot
370	Shirt
371	Pullover
372	T-shirt/top
373	Pullover
374	Pullover
375	Shirt
376	Shirt
377	Sneaker
378	Pullover
379	Ankle boot
380	Bag
381	Dress
382	Ankle boot
383	Sneaker
384	Sandal
385	Trouser
386	Coat
387	Pullover
388	Ankle boot
389	Sandal
390	Sandal
391	T-shirt/top
392	Dress
393	Coat
394	Sneaker
395	Coat
396	Shirt
397	Coat
398	T-shirt/top
399	Sandal
400	T-shirt/top
401	Shirt
402	T-shirt/top
403	Pullover
404	Dress
405	Sandal
406	Sneaker
407	T-shirt/top
408	Sandal
409	T-shirt/top
410	Ankle boot
411	T-shirt/top
412	Sandal
413	Shirt
414	Sneaker
415	Sneaker
416	Sandal
417	Sandal
418	Coat
419	Coat
420	T-shirt/top
421	Coat
422	T-shirt/top
423	Ankle boot
424	Bag
425	Coat
426	Trouser
427	T-shirt/top
428	Shirt
429	Shirt
430	Pullover
431	Ankle boot
432	Coat
433	Dress
434	Trouser
435	Pullover
436	Sandal
437	Bag
438	Dress
439	Bag
440	Pullover
441	Sneaker
442	Trouser
443	Pullover
444	T-shirt/top
445	Sneaker
446	Bag
447	Sneaker
448	Coat
449	Sandal
450	Trouser
451	T-shirt/top
452	Dress
453	T-shirt/top
454	Sandal
455	Bag
456	Coat
457	Ankle boot
458	Ankle boot
459	Sandal
460	Sandal
461	Bag
462	Coat
463	Shirt
464	Dress
465	Pullover
466	Sneaker
467	Trouser
468	Sandal
469	Pullover
470	Sandal
471	Sandal
472	Ankle boot
473	Shirt
474	T-shirt/top
475	Sneaker
476	Shirt
477	Shirt
478	Sneaker
479	Shirt
480	Bag
481	Shirt
482	Dress
483	Sneaker
484	Dress
485	Trouser
486	Coat
487	Ankle boot
488	Sneaker
489	T-shirt/top
490	Bag
491	Shirt
492	Pullover
493	Bag
494	Bag
495	Trouser
496	Sneaker
497	Trouser
498	Ankle boot
499	Dress
500	Bag
501	Trouser
502	Pullover
503	Pullover
504	Ankle boot
505	Dress
506	Bag
507	Shirt
508	Shirt
509	Coat
510	Pullover
511	Sandal
512	Sneaker
513	Trouser
514	Pullover
515	T-shirt/top
516	T-shirt/top
517	Pullover
518	Ankle boot
519	Coat
520	Sandal
521	Pullover
522	Dress
523	Bag
524	Coat
525	Pullover
526	Sandal
527	Sandal
528	Dress
529	Sneaker
530	Trouser
531	Ankle boot
532	Bag
533	Ankle boot
534	Sneaker
535	T-shirt/top
536	Coat
537	Coat
538	Shirt
539	Trouser
540	Shirt
541	Coat
542	Coat
543	Trouser
544	Pullover
545	Sneaker
546	Dress
547	Sandal
548	Ankle boot
549	Sneaker
550	Sneaker
551	Trouser
552	Sneaker
553	Pullover
554	Pullover
555	Bag
556	Coat
557	Coat
558	Pullover
559	Bag
560	Bag
561	Dress
562	Sneaker
563	Dress
564	Pullover
565	Sneaker
566	Bag
567	Coat
568	Shirt
569	Shirt
570	Shirt
571	Sandal
572	Ankle boot
573	Coat
574	Sandal
575	Bag
576	Sandal
577	Coat
578	Trouser
579	Trouser
580	Shirt
581	Sneaker
582	Coat
583	Coat
584	Sandal
585	T-shirt/top
586	Coat
587	Pullover
588	Dress
589	Coat
590	Dress
591	Pullover
592	T-shirt/top
593	Pullover
594	Sandal
595	Pullover
596	Ankle boot
597	Sneaker
598	T-shirt/top
599	Trouser
600	Trouser
601	Dress
602	Sneaker
603	Sandal
604	Sneaker
605	Bag
606	Sandal
607	Dress
608	T-shirt/top
609	Shirt
610	Sneaker
611	Ankle boot
612	Shirt
613	Shirt
614	Shirt
615	Bag
616	T-shirt/top
617	Trouser
618	Bag
619	Ankle boot
620	Trouser
621	Sneaker
622	Bag
623	Sneaker
624	Ankle boot
625	Dress
626	Trouser
627	Bag
628	Dress
629	Sandal
630	Coat
631	Sneaker
632	Ankle boot
633	Dress
634	Sneaker
635	Ankle boot
636	Sandal
637	Trouser
638	Dress
639	Bag
640	Shirt
641	Ankle boot
642	Shirt
643	Pullover
644	Shirt
645	Sandal
646	Shirt
647	Shirt
648	Sandal
649	Trouser
650	Dress
651	Ankle boot
652	Sneaker
653	Dress
654	Ankle boot
655	Sneaker
656	Coat
657	Shirt
658	Pullover
659	Dress
660	Ankle boot
661	Coat
662	Trouser
663	Trouser
664	Bag
665	Sneaker
666	Sneaker
667	Sandal
668	Bag
669	Bag
670	Coat
671	Sandal
672	Bag
673	Trouser
674	Coat
675	Shirt
676	Shirt
677	Sneaker
678	Dress
679	Sneaker
680	Shirt
681	Sandal
682	Sneaker
683	Trouser
684	Dress
685	Bag
686	Dress
687	T-shirt/top
688	Dress
689	Bag
690	Coat
691	T-shirt/top
692	Trouser
693	Bag
694	T-shirt/top
695	Sneaker
696	Pullover
697	Sandal
698	T-shirt/top
699	Ankle boot
700	Trouser
701	Trouser
702	Dress
703	Coat
704	Sneaker
705	Dress
706	Coat
707	Sneaker
708	Bag
709	Ankle boot
710	T-shirt/top
711	Trouser
712	Dress
713	Sandal
714	Ankle boot
715	Shirt
716	Dress
717	Ankle boot
718	Sneaker
719	Trouser
720	Pullover
721	Ankle boot
722	T-shirt/top
723	Trouser
724	Sneaker
725	T-shirt/top
726	T-shirt/top
727	Sandal
728	Trouser
729	Ankle boot
730	Bag
731	Sneaker
732	Dress
733	Ankle boot
734	Trouser
735	T-shirt/top
736	Dress
737	Bag
738	Ankle boot
739	Coat
740	Ankle boot
741	Dress
742	Ankle boot
743	Dress
744	Shirt
745	Bag
746	T-shirt/top
747	T-shirt/top
748	Bag
749	Ankle boot
750	Sneaker
751	Ankle boot
752	T-shirt/top
753	Sandal
754	Ankle boot
755	Pullover
756	Pullover
757	Sneaker
758	Sneaker
759	Dress
760	Trouser
761	Ankle boot
762	Bag
763	Dress
764	Coat
765	Bag
766	Ankle boot
767	Trouser
768	Bag
769	Bag
770	T-shirt/top
771	Shirt
772	Sneaker
773	Trouser
774	Coat
775	Dress
776	Dress
777	Pullover
778	Trouser
779	Coat
780	Sandal
781	T-shirt/top
782	Sneaker
783	Bag
784	Bag
785	Bag
786	Shirt
787	T-shirt/top
788	Pullover
789	Sneaker
790	Bag
791	Trouser
792	Ankle boot
793	Dress
794	Sandal
795	Pullover
796	Coat
797	Bag
798	Dress
799	Trouser
800	Trouser
801	Shirt
802	Trouser
803	Coat
804	Dress
805	Ankle boot
806	Ankle boot
807	Trouser
808	Trouser
809	Sandal
810	Ankle boot
811	Coat
812	Sandal
813	Ankle boot
814	Sandal
815	Sandal
816	Bag
817	T-shirt/top
818	Dress
819	Shirt
820	Trouser
821	Sneaker
822	Ankle boot
823	Dress
824	Sandal
825	Pullover
826	Shirt
827	Sandal
828	Shirt
829	Ankle boot
830	Bag
831	Sandal
832	Ankle boot
833	Pullover
834	Ankle boot
835	Dress
836	Bag
837	Sneaker
838	Shirt
839	Sandal
840	Trouser
841	Sneaker
842	T-shirt/top
843	Bag
844	Bag
845	Ankle boot
846	Ankle boot
847	Shirt
848	Pullover
849	Bag
850	Ankle boot
851	Sneaker
852	Dress
853	T-shirt/top
854	Coat
855	Sandal
856	T-shirt/top
857	T-shirt/top
858	Shirt
859	Bag
860	Ankle boot
861	Pullover
862	Pullover
863	Bag
864	Pullover
865	Coat
866	Shirt
867	Ankle boot
868	Pullover
869	Ankle boot
870	Sandal
871	Sandal
872	Ankle boot
873	Ankle boot
874	Pullover
875	Sneaker
876	Coat
877	Sneaker
878	Bag
879	Dress
880	Shirt
881	Trouser
882	Bag
883	Dress
884	T-shirt/top
885	T-shirt/top
886	T-shirt/top
887	Pullover
888	Ankle boot
889	Sneaker
890	Dress
891	T-shirt/top
892	Trouser
893	Sneaker
894	Trouser
895	Ankle boot
896	Bag
897	Ankle boot
898	Coat
899	Shirt
900	Dress
901	Shirt
902	Dress
903	Coat
904	Sandal
905	Sandal
906	T-shirt/top
907	Shirt
908	Shirt
909	Shirt
910	Ankle boot
911	Trouser
912	T-shirt/top
913	T-shirt/top
914	Trouser
915	T-shirt/top
916	Dress
917	Sandal
918	Dress
919	Sneaker
920	Shirt
921	Pullover
922	Pullover
923	Bag
924	Bag
925	Shirt
926	Pullover
927	Sandal
928	Pullover
929	Bag
930	Bag
931	Dress
932	Pullover
933	Shirt
934	Bag
935	Shirt
936	Dress
937	Shirt
938	Trouser
939	Pullover
940	Trouser
941	Dress
942	Shirt
943	Sandal
944	Pullover
945	Sandal
946	T-shirt/top
947	Coat
948	T-shirt/top
949	Pullover
950	Ankle boot
951	T-shirt/top
952	Sandal
953	T-shirt/top
954	T-shirt/top
955	Pullover
956	Trouser
957	Bag
958	Sandal
959	T-shirt/top
960	Pullover
961	Shirt
962	Dress
963	Dress
964	Shirt
965	Dress
966	Dress
967	Pullover
968	Shirt
969	Ankle boot
970	T-shirt/top
971	Dress
972	Coat
973	Sneaker
974	Shirt
975	Sneaker
976	Trouser
977	Coat
978	Sneaker
979	Pullover
980	Dress
981	Ankle boot
982	Trouser
983	Dress
984	Bag
985	Bag
986	Coat
987	Dress
988	Shirt
989	Ankle boot
990	T-shirt/top
991	Ankle boot
992	Shirt
993	T-shirt/top
994	Pullover
995	Ankle boot
996	Pullover
997	Sneaker
998	Coat
999	Sandal
1000	Pullover
1001	Pullover
1002	Coat
1003	Sandal
1004	Pullover
1005	Coat
1006	Bag
1007	Sandal
1008	Trouser
1009	Dress
1010	Bag
1011	T-shirt/top
1012	Trouser
1013	Bag
1014	Coat
1015	Pullover
1016	Bag
1017	Sneaker
1018	Ankle boot
1019	T-shirt/top
1020	Bag
1021	Sandal
1022	Ankle boot
1023	Coat
1024	Trouser
1025	Shirt
1026	Bag
1027	Sandal
1028	Pullover
1029	Sneaker
1030	Sandal
1031	Trouser
1032	Bag
1033	Dress
1034	Sandal
1035	Coat
1036	Pullover
1037	Sneaker
1038	Coat
1039	Ankle boot
1040	Pullover
1041	Coat
1042	Sandal
1043	Sneaker
1044	Sandal
1045	Ankle boot
1046	Bag
1047	T-shirt/top
1048	Shirt
1049	Pullover
1050	Coat
1051	Coat
1052	Sneaker
1053	Coat
1054	Dress
1055	Pullover
1056	Shirt
1057	Bag
1058	Bag
1059	Bag
1060	Ankle boot
1061	Sneaker
1062	Bag
1063	T-shirt/top
1064	Sneaker
1065	Shirt
1066	Sandal
1067	Dress
1068	Dress
1069	Shirt
1070	Sandal
1071	T-shirt/top
1072	Dress
1073	Dress
1074	Ankle boot
1075	Sandal
1076	Trouser
1077	Dress
1078	Shirt
1079	Sneaker
1080	Sneaker
1081	Ankle boot
1082	Bag
1083	Trouser
1084	Trouser
1085	Sneaker
1086	Sneaker
1087	Bag
1088	Sneaker
1089	Sandal
1090	Ankle boot
1091	Coat
1092	Trouser
1093	Sneaker
1094	Dress
1095	Sandal
1096	Sneaker
1097	Shirt
1098	Shirt
1099	Coat
1100	Coat
1101	Shirt
1102	Sneaker
1103	Bag
1104	Trouser
1105	Sneaker
1106	T-shirt/top
1107	T-shirt/top
1108	Trouser
1109	T-shirt/top
1110	Ankle boot
1111	Dress
1112	Ankle boot
1113	Shirt
1114	Shirt
1115	Trouser
1116	Bag
1117	Trouser
1118	Shirt
1119	Sneaker
1120	Pullover
1121	Shirt
1122	Shirt
1123	Coat
1124	Sandal
1125	Ankle boot
1126	Bag
1127	Trouser
1128	Pullover
1129	Coat
1130	Shirt
1131	Shirt
1132	Pullover
1133	Sandal
1134	Trouser
1135	Sneaker
1136	Dress
1137	Dress
1138	T-shirt/top
1139	Ankle boot
1140	Shirt
1141	Ankle boot
1142	Sandal
1143	Trouser
1144	Sandal
1145	Sneaker
1146	T-shirt/top
1147	Sneaker
1148	Shirt
1149	Bag
1150	Pullover
1151	Ankle boot
1152	Shirt
1153	Dress
1154	Ankle boot
1155	Dress
1156	Dress
1157	T-shirt/top
1158	Bag
1159	Coat
1160	T-shirt/top
1161	T-shirt/top
1162	Ankle boot
1163	Pullover
1164	Sneaker
1165	Trouser
1166	Sandal
1167	Sneaker
1168	Bag
1169	Pullover
1170	Dress
1171	Bag
1172	Ankle boot
1173	Sandal
1174	Sneaker
1175	Coat
1176	Trouser
1177	T-shirt/top
1178	Trouser
1179	Sneaker
1180	Dress
1181	Shirt
1182	T-shirt/top
1183	Bag
1184	Pullover
1185	Sneaker
1186	Sandal
1187	Sandal
1188	Pullover
1189	Dress
1190	Coat
1191	Dress
1192	Sandal
1193	Ankle boot
1194	T-shirt/top
1195	Sandal
1196	Sneaker
1197	Trouser
1198	Dress
1199	Ankle boot
1200	Sandal
1201	Sandal
1202	Sneaker
1203	Coat
1204	Shirt
1205	Ankle boot
1206	T-shirt/top
1207	Bag
1208	Shirt
1209	Dress
1210	Bag
1211	Sneaker
1212	T-shirt/top
1213	T-shirt/top
1214	Trouser
1215	Bag
1216	Dress
1217	Sneaker
1218	Bag
1219	Pullover
1220	Coat
1221	Bag
1222	Shirt
1223	Bag
1224	Sneaker
1225	Sandal
1226	Sneaker
1227	Sandal
1228	Shirt
1229	Sandal
1230	Coat
1231	Coat
1232	Trouser
1233	Sneaker
1234	Coat
1235	Ankle boot
1236	Trouser
1237	Trouser
1238	Dress
1239	Bag
1240	Trouser
1241	Ankle boot
1242	Sneaker
1243	Sandal
1244	Sneaker
1245	Bag
1246	Bag
1247	Ankle boot
1248	Shirt
1249	Sandal
1250	Pullover
1251	Trouser
1252	Coat
1253	Sandal
1254	Bag
1255	Shirt
1256	Coat
1257	Ankle boot
1258	T-shirt/top
1259	Ankle boot
1260	Coat
1261	Sandal
1262	Shirt
1263	Sandal
1264	Coat
1265	Shirt
1266	Sandal
1267	Sandal
1268	Sneaker
1269	Sandal
1270	Shirt
1271	Sandal
1272	T-shirt/top
1273	Sandal
1274	Trouser
1275	Bag
1276	Ankle boot
1277	Shirt
1278	Dress
1279	Ankle boot
1280	Shirt
1281	T-shirt/top
1282	Sandal
1283	Shirt
1284	Coat
1285	Ankle boot
1286	Dress
1287	Pullover
1288	Trouser
1289	Ankle boot
1290	Sneaker
1291	Sneaker
1292	Pullover
1293	Sneaker
1294	T-shirt/top
1295	Trouser
1296	Dress
1297	Sneaker
1298	Sneaker
1299	Trouser
1300	T-shirt/top
1301	Coat
1302	Shirt
1303	Coat
1304	Sandal
1305	Sandal
1306	Coat
1307	Pullover
1308	Ankle boot
1309	Pullover
1310	Bag
1311	Bag
1312	Coat
1313	Shirt
1314	T-shirt/top
1315	Coat
1316	Shirt
1317	Pullover
1318	Ankle boot
1319	Sandal
1320	Sneaker
1321	Pullover
1322	Sandal
1323	Trouser
1324	Shirt
1325	Shirt
1326	Dress
1327	Ankle boot
1328	Bag
1329	Sneaker
1330	Sandal
1331	T-shirt/top
1332	Shirt
1333	Coat
1334	Pullover
1335	Ankle boot
1336	Pullover
1337	Bag
1338	Pullover
1339	T-shirt/top
1340	Shirt
1341	Shirt
1342	Trouser
1343	Pullover
1344	Pullover
1345	T-shirt/top
1346	Pullover
1347	Ankle boot
1348	Ankle boot
1349	Ankle boot
1350	Ankle boot
1351	Shirt
1352	Trouser
1353	T-shirt/top
1354	Ankle boot
1355	Trouser
1356	Bag
1357	Bag
1358	Bag
1359	Sneaker
1360	Shirt
1361	Sandal
1362	Dress
1363	Dress
1364	Pullover
1365	T-shirt/top
1366	Coat
1367	Trouser
1368	Sneaker
1369	Ankle boot
1370	Trouser
1371	Bag
1372	Sandal
1373	Ankle boot
1374	Sandal
1375	Shirt
1376	Trouser
1377	Sneaker
1378	Dress
1379	Shirt
1380	Sandal
1381	Trouser
1382	Shirt
1383	Bag
1384	Ankle boot
1385	Shirt
1386	Shirt
1387	T-shirt/top
1388	Ankle boot
1389	Sneaker
1390	Dress
1391	Bag
1392	Shirt
1393	Pullover
1394	Pullover
1395	Sneaker
1396	Shirt
1397	Bag
1398	Dress
1399	Sandal
1400	Pullover
1401	Pullover
1402	Ankle boot
1403	Pullover
1404	Pullover
1405	T-shirt/top
1406	T-shirt/top
1407	Trouser
1408	T-shirt/top
1409	T-shirt/top
1410	Sandal
1411	Trouser
1412	Coat
1413	Trouser
1414	Sneaker
1415	Shirt
1416	Dress
1417	T-shirt/top
1418	Trouser
1419	Shirt
1420	Ankle boot
1421	Shirt
1422	Pullover
1423	T-shirt/top
1424	Sandal
1425	T-shirt/top
1426	Pullover
1427	Pullover
1428	Shirt
1429	Shirt
1430	T-shirt/top
1431	Trouser
1432	Sandal
1433	Dress
1434	Coat
1435	Coat
1436	Coat
1437	Sneaker
1438	Shirt
1439	Ankle boot
1440	Pullover
1441	T-shirt/top
1442	Sneaker
1443	T-shirt/top
1444	Trouser
1445	T-shirt/top
1446	Shirt
1447	Bag
1448	Pullover
1449	Trouser
1450	Shirt
1451	Trouser
1452	T-shirt/top
1453	Dress
1454	Coat
1455	Coat
1456	Bag
1457	Pullover
1458	T-shirt/top
1459	Shirt
1460	Dress
1461	Ankle boot
1462	Bag
1463	Ankle boot
1464	Coat
1465	Trouser
1466	Sandal
1467	T-shirt/top
1468	Dress
1469	Dress
1470	Trouser
1471	Coat
1472	Coat
1473	Ankle boot
1474	Shirt
1475	Pullover
1476	Sandal
1477	T-shirt/top
1478	Ankle boot
1479	Sneaker
1480	Coat
1481	T-shirt/top
1482	Coat
1483	Pullover
1484	Ankle boot
1485	T-shirt/top
1486	Coat
1487	Pullover
1488	Pullover
1489	Pullover
1490	Bag
1491	Pullover
1492	Sandal
1493	Trouser
1494	Dress
1495	Bag
1496	Dress
1497	Bag
1498	Sandal
1499	Trouser
1500	T-shirt/top
1501	Sandal
1502	Coat
1503	Sandal
1504	Shirt
1505	Dress
1506	Dress
1507	Sneaker
1508	Ankle boot
1509	Sandal
1510	Sneaker
1511	Coat
1512	Sandal
1513	Trouser
1514	Trouser
1515	Shirt
1516	Trouser
1517	Trouser
1518	Bag
1519	Sneaker
1520	Trouser
1521	Trouser
1522	Trouser
1523	Bag
1524	Bag
1525	T-shirt/top
1526	Sandal
1527	T-shirt/top
1528	Coat
1529	Shirt
1530	Pullover
1531	Sneaker
1532	Sandal
1533	Coat
1534	Pullover
1535	Sandal
1536	Coat
1537	Shirt
1538	Ankle boot
1539	Ankle boot
1540	Sneaker
1541	Sandal
1542	Shirt
1543	Trouser
1544	Dress
1545	Trouser
1546	Dress
1547	Pullover
1548	Sandal
1549	Sneaker
1550	Trouser
1551	Coat
1552	Trouser
1553	Sandal
1554	Coat
1555	Coat
1556	Coat
1557	Sneaker
1558	Coat
1559	Sneaker
1560	Trouser
1561	Sandal
1562	Shirt
1563	Coat
1564	Pullover
1565	Shirt
1566	Ankle boot
1567	Sneaker
1568	T-shirt/top
1569	Sneaker
1570	Ankle boot
1571	Dress
1572	Pullover
1573	Trouser
1574	Sneaker
1575	T-shirt/top
1576	Ankle boot
1577	Shirt
1578	Bag
1579	Bag
1580	Sandal
1581	Coat
1582	Bag
1583	Pullover
1584	Trouser
1585	Sneaker
1586	Sneaker
1587	Bag
1588	Shirt
1589	Sneaker
1590	Sandal
1591	T-shirt/top
1592	Dress
1593	Sandal
1594	Shirt
1595	Sneaker
1596	T-shirt/top
1597	T-shirt/top
1598	Sneaker
1599	Coat
1600	Coat
1601	Shirt
1602	Bag
1603	T-shirt/top
1604	Trouser
1605	Shirt
1606	Sandal
1607	Dress
1608	Dress
1609	T-shirt/top
1610	Coat
1611	Bag
1612	Dress
1613	Ankle boot
1614	Bag
1615	Ankle boot
1616	Pullover
1617	Sneaker
1618	Ankle boot
1619	Sandal
1620	T-shirt/top
1621	Coat
1622	Ankle boot
1623	Shirt
1624	Pullover
1625	Bag
1626	Coat
1627	Trouser
1628	Coat
1629	Sandal
1630	Bag
1631	Trouser
1632	Sneaker
1633	Trouser
1634	Trouser
1635	Shirt
1636	Bag
1637	Bag
1638	Dress
1639	Ankle boot
1640	Coat
1641	Sandal
1642	Coat
1643	Shirt
1644	Sneaker
1645	Dress
1646	Dress
1647	Shirt
1648	Pullover
1649	Coat
1650	Pullover
1651	Shirt
1652	Pullover
1653	Trouser
1654	Shirt
1655	Bag
1656	Trouser
1657	Pullover
1658	Dress
1659	T-shirt/top
1660	Trouser
1661	Coat
1662	Pullover
1663	T-shirt/top
1664	Dress
1665	Sandal
1666	Shirt
1667	Shirt
1668	Coat
1669	Pullover
1670	Coat
1671	Dress
1672	Trouser
1673	Trouser
1674	Sneaker
1675	Sandal
1676	Ankle boot
1677	Shirt
1678	Coat
1679	Sneaker
1680	Dress
1681	Dress
1682	Dress
1683	Dress
1684	Sneaker
1685	T-shirt/top
1686	Trouser
1687	Sneaker
1688	Sneaker
1689	T-shirt/top
1690	Sandal
1691	T-shirt/top
1692	Sneaker
1693	Bag
1694	Pullover
1695	Coat
1696	Sneaker
1697	Coat
1698	Shirt
1699	Coat
1700	Ankle boot
1701	Trouser
1702	Coat
1703	Coat
1704	Shirt
1705	Pullover
1706	Coat
1707	T-shirt/top
1708	Pullover
1709	Trouser
1710	Ankle boot
1711	T-shirt/top
1712	Dress
1713	Bag
1714	Shirt
1715	Trouser
1716	Dress
1717	Coat
1718	Bag
1719	Ankle boot
1720	Shirt
1721	Ankle boot
1722	Shirt
1723	Pullover
1724	Sandal
1725	Ankle boot
1726	Sneaker
1727	Coat
1728	Sandal
1729	Shirt
1730	Pullover
1731	Shirt
1732	Shirt
1733	Bag
1734	Bag
1735	Sandal
1736	Shirt
1737	Bag
1738	T-shirt/top
1739	T-shirt/top
1740	Sneaker
1741	Ankle boot
1742	Sandal
1743	Ankle boot
1744	T-shirt/top
1745	Sandal
1746	Dress
1747	Dress
1748	Ankle boot
1749	Shirt
1750	Pullover
1751	Sandal
1752	Bag
1753	Shirt
1754	Sneaker
1755	Sneaker
1756	T-shirt/top
1757	Ankle boot
1758	Ankle boot
1759	Bag
1760	Shirt
1761	Sneaker
1762	T-shirt/top
1763	Shirt
1764	Pullover
1765	Sandal
1766	T-shirt/top
1767	Bag
1768	Coat
1769	Dress
1770	Ankle boot
1771	Dress
1772	T-shirt/top
1773	Dress
1774	Pullover
1775	Trouser
1776	Trouser
1777	Bag
1778	Ankle boot
1779	T-shirt/top
1780	T-shirt/top
1781	Sneaker
1782	Coat
1783	Trouser
1784	Shirt
1785	Pullover
1786	Shirt
1787	Pullover
1788	Coat
1789	Trouser
1790	Trouser
1791	Coat
1792	T-shirt/top
1793	Ankle boot
1794	Coat
1795	Pullover
1796	Ankle boot
1797	Dress
1798	Dress
1799	Shirt
1800	Dress
1801	Trouser
1802	Trouser
1803	Sneaker
1804	T-shirt/top
1805	Shirt
1806	Shirt
1807	Ankle boot
1808	Sneaker
1809	Trouser
1810	T-shirt/top
1811	Coat
1812	Ankle boot
1813	Sandal
1814	Trouser
1815	T-shirt/top
1816	Sandal
1817	Pullover
1818	Trouser
1819	Dress
1820	Sandal
1821	Dress
1822	Ankle boot
1823	Pullover
1824	Bag
1825	Sneaker
1826	Coat
1827	Pullover
1828	Ankle boot
1829	Coat
1830	Ankle boot
1831	T-shirt/top
1832	Coat
1833	T-shirt/top
1834	Trouser
1835	Pullover
1836	Dress
1837	Sneaker
1838	Shirt
1839	Ankle boot
1840	Dress
1841	Dress
1842	T-shirt/top
1843	Sandal
1844	Trouser
1845	Trouser
1846	T-shirt/top
1847	Dress
1848	Bag
1849	Dress
1850	Shirt
1851	Sandal
1852	Ankle boot
1853	Trouser
1854	T-shirt/top
1855	T-shirt/top
1856	Dress
1857	Shirt
1858	Sneaker
1859	T-shirt/top
1860	Ankle boot
1861	Sneaker
1862	Pullover
1863	Sneaker
1864	Coat
1865	Pullover
1866	Trouser
1867	Ankle boot
1868	Sneaker
1869	Pullover
1870	Bag
1871	Dress
1872	Trouser
1873	T-shirt/top
1874	Pullover
1875	Sneaker
1876	Dress
1877	T-shirt/top
1878	Dress
1879	T-shirt/top
1880	Sandal
1881	Bag
1882	Shirt
1883	Ankle boot
1884	Ankle boot
1885	Sandal
1886	Shirt
1887	Pullover
1888	T-shirt/top
1889	Trouser
1890	Dress
1891	T-shirt/top
1892	Coat
1893	Ankle boot
1894	Pullover
1895	Coat
1896	Bag
1897	Shirt
1898	Coat
1899	Ankle boot
1900	Ankle boot
1901	T-shirt/top
1902	Sandal
1903	Sandal
1904	Pullover
1905	Sandal
1906	Dress
1907	Dress
1908	Ankle boot
1909	Coat
1910	T-shirt/top
1911	Coat
1912	Dress
1913	Ankle boot
1914	Shirt
1915	Sneaker
1916	Dress
1917	Sneaker
1918	Bag
1919	Coat
1920	Dress
1921	Sandal
1922	Trouser
1923	Pullover
1924	Sneaker
1925	Shirt
1926	Ankle boot
1927	Shirt
1928	Sneaker
1929	Dress
1930	Sandal
1931	Ankle boot
1932	Shirt
1933	Bag
1934	Sneaker
1935	Ankle boot
1936	Dress
1937	Coat
1938	Shirt
1939	Pullover
1940	Coat
1941	Sneaker
1942	Ankle boot
1943	Sandal
1944	Bag
1945	T-shirt/top
1946	Dress
1947	Sandal
1948	Dress
1949	Trouser
1950	Bag
1951	Bag
1952	Pullover
1953	Sneaker
1954	Sandal
1955	Pullover
1956	Sneaker
1957	Dress
1958	Dress
1959	Sandal
1960	Ankle boot
1961	Shirt
1962	Sandal
1963	Pullover
1964	Shirt
1965	Dress
1966	Coat
1967	Coat
1968	Pullover
1969	Ankle boot
1970	Bag
1971	T-shirt/top
1972	Trouser
1973	Shirt
1974	Coat
1975	Trouser
1976	Ankle boot
1977	Bag
1978	Bag
1979	T-shirt/top
1980	Dress
1981	Bag
1982	Shirt
1983	Sneaker
1984	Sandal
1985	Ankle boot
1986	Sandal
1987	Trouser
1988	Dress
1989	Dress
1990	Coat
1991	Coat
1992	Trouser
1993	T-shirt/top
1994	Sneaker
1995	Pullover
1996	Sandal
1997	Pullover
1998	Sandal
1999	Bag
2000	Bag
2001	Sandal
2002	Dress
2003	Coat
2004	Ankle boot
2005	Sandal
2006	Bag
2007	Sneaker
2008	Shirt
2009	Coat
2010	Pullover
2011	Bag
2012	Ankle boot
2013	T-shirt/top
2014	Dress
2015	T-shirt/top
2016	Shirt
2017	Sandal
2018	T-shirt/top
2019	Sandal
2020	Shirt
2021	Dress
2022	Trouser
2023	Sandal
2024	Sandal
2025	Dress
2026	Coat
2027	T-shirt/top
2028	Ankle boot
2029	Pullover
2030	Coat
2031	Ankle boot
2032	T-shirt/top
2033	T-shirt/top
2034	Dress
2035	Sandal
2036	Shirt
2037	T-shirt/top
2038	Bag
2039	T-shirt/top
2040	Sandal
2041	Shirt
2042	Trouser
2043	Dress
2044	Shirt
2045	Pullover
2046	Bag
2047	Dress
2048	Bag
2049	Pullover
2050	Ankle boot
2051	Pullover
2052	Bag
2053	Sneaker
2054	Trouser
2055	Ankle boot
2056	Sneaker
2057	Shirt
2058	Sandal
2059	Bag
2060	Sneaker
2061	Coat
2062	Coat
2063	Dress
2064	Bag
2065	Ankle boot
2066	T-shirt/top
2067	Dress
2068	Bag
2069	Dress
2070	Trouser
2071	T-shirt/top
2072	Dress
2073	Pullover
2074	Sneaker
2075	Dress
2076	Pullover
2077	Pullover
2078	Pullover
2079	Sneaker
2080	Dress
2081	Trouser
2082	Dress
2083	Coat
2084	Ankle boot
2085	T-shirt/top
2086	Pullover
2087	Coat
2088	T-shirt/top
2089	Trouser
2090	T-shirt/top
2091	Sandal
2092	Trouser
2093	Pullover
2094	Coat
2095	T-shirt/top
2096	Ankle boot
2097	Sneaker
2098	Dress
2099	Ankle boot
2100	Dress
2101	Bag
2102	Trouser
2103	Dress
2104	Coat
2105	Ankle boot
2106	Dress
2107	Dress
2108	Pullover
2109	Sandal
2110	Trouser
2111	Trouser
2112	Sneaker
2113	Bag
2114	T-shirt/top
2115	Shirt
2116	Pullover
2117	Ankle boot
2118	Dress
2119	Pullover
2120	Sandal
2121	T-shirt/top
2122	Trouser
2123	Bag
2124	Coat
2125	T-shirt/top
2126	Coat
2127	Trouser
2128	T-shirt/top
2129	Sneaker
2130	T-shirt/top
2131	Bag
2132	Sandal
2133	Shirt
2134	T-shirt/top
2135	Shirt
2136	Bag
2137	T-shirt/top
2138	T-shirt/top
2139	Shirt
2140	Sneaker
2141	Ankle boot
2142	Shirt
2143	Shirt
2144	T-shirt/top
2145	Shirt
2146	Dress
2147	Dress
2148	Coat
2149	Dress
2150	Dress
2151	Ankle boot
2152	Sneaker
2153	Trouser
2154	Ankle boot
2155	Sneaker
2156	Coat
2157	Pullover
2158	Bag
2159	Sneaker
2160	Sandal
2161	Sandal
2162	Sandal
2163	Bag
2164	Bag
2165	Ankle boot
2166	Bag
2167	Dress
2168	Pullover
2169	Shirt
2170	Pullover
2171	T-shirt/top
2172	Shirt
2173	Shirt
2174	Pullover
2175	Sandal
2176	Bag
2177	Dress
2178	Sandal
2179	Shirt
2180	Sneaker
2181	Pullover
2182	Ankle boot
2183	Dress
2184	T-shirt/top
2185	Bag
2186	Pullover
2187	Sneaker
2188	Bag
2189	T-shirt/top
2190	Ankle boot
2191	Shirt
2192	Trouser
2193	Sneaker
2194	Shirt
2195	Dress
2196	Sandal
2197	Trouser
2198	T-shirt/top
2199	Dress
2200	Shirt
2201	Sneaker
2202	Ankle boot
2203	Ankle boot
2204	Ankle boot
2205	T-shirt/top
2206	Dress
2207	Shirt
2208	Dress
2209	Coat
2210	Ankle boot
2211	T-shirt/top
2212	Trouser
2213	T-shirt/top
2214	Shirt
2215	T-shirt/top
2216	Trouser
2217	Pullover
2218	Bag
2219	Trouser
2220	Pullover
2221	T-shirt/top
2222	T-shirt/top
2223	Bag
2224	Coat
2225	T-shirt/top
2226	Coat
2227	Pullover
2228	Ankle boot
2229	Ankle boot
2230	Sandal
2231	Pullover
2232	Trouser
2233	Coat
2234	Sneaker
2235	Dress
2236	Sandal
2237	Dress
2238	Sandal
2239	Shirt
2240	Ankle boot
2241	T-shirt/top
2242	Sneaker
2243	Coat
2244	Sandal
2245	Dress
2246	Pullover
2247	Ankle boot
2248	Coat
2249	Pullover
2250	Bag
2251	T-shirt/top
2252	Dress
2253	Trouser
2254	Bag
2255	Trouser
2256	Shirt
2257	Coat
2258	Bag
2259	T-shirt/top
2260	Trouser
2261	Dress
2262	Coat
2263	Sandal
2264	Ankle boot
2265	Ankle boot
2266	Bag
2267	Shirt
2268	Dress
2269	Dress
2270	Pullover
2271	Trouser
2272	Coat
2273	Shirt
2274	Ankle boot
2275	Sandal
2276	Shirt
2277	Sandal
2278	Sneaker
2279	Pullover
2280	Coat
2281	Bag
2282	T-shirt/top
2283	T-shirt/top
2284	Sneaker
2285	Sneaker
2286	Bag
2287	Dress
2288	Coat
2289	Trouser
2290	Coat
2291	Shirt
2292	Coat
2293	Bag
2294	Coat
2295	Dress
2296	T-shirt/top
2297	Bag
2298	Pullover
2299	Sandal
2300	Sandal
2301	Pullover
2302	Bag
2303	Sandal
2304	Sneaker
2305	Ankle boot
2306	Bag
2307	Trouser
2308	Dress
2309	Shirt
2310	Coat
2311	Sneaker
2312	Trouser
2313	Shirt
2314	Ankle boot
2315	Coat
2316	Ankle boot
2317	Dress
2318	Bag
2319	Trouser
2320	Ankle boot
2321	Sandal
2322	Sneaker
2323	Bag
2324	Shirt
2325	Coat
2326	Sandal
2327	Pullover
2328	Coat
2329	Dress
2330	Dress
2331	Dress
2332	Ankle boot
2333	Sneaker
2334	Shirt
2335	Shirt
2336	Shirt
2337	Sandal
2338	Dress
2339	Bag
2340	Dress
2341	Dress
2342	Pullover
2343	Bag
2344	Bag
2345	Coat
2346	Bag
2347	Bag
2348	Shirt
2349	Sneaker
2350	Shirt
2351	Pullover
2352	Sneaker
2353	Sandal
2354	Dress
2355	Coat
2356	Sandal
2357	Trouser
2358	Sandal
2359	Coat
2360	Sneaker
2361	Dress
2362	Dress
2363	Shirt
2364	Coat
2365	T-shirt/top
2366	Dress
2367	Coat
2368	Sandal
2369	Trouser
2370	Trouser
2371	Ankle boot
2372	T-shirt/top
2373	Coat
2374	Ankle boot
2375	Shirt
2376	Dress
2377	Bag
2378	Sandal
2379	Bag
2380	Dress
2381	T-shirt/top
2382	Dress
2383	Coat
2384	Pullover
2385	Coat
2386	Pullover
2387	Coat
2388	Trouser
2389	Sneaker
2390	Sandal
2391	Dress
2392	Ankle boot
2393	Shirt
2394	T-shirt/top
2395	T-shirt/top
2396	Dress
2397	Coat
2398	T-shirt/top
2399	Bag
2400	Pullover
2401	Dress
2402	Ankle boot
2403	Shirt
2404	Ankle boot
2405	Sneaker
2406	Trouser
2407	Ankle boot
2408	Ankle boot
2409	Bag
2410	Bag
2411	Ankle boot
2412	Sandal
2413	Pullover
2414	Trouser
2415	T-shirt/top
2416	Trouser
2417	Shirt
2418	Ankle boot
2419	Coat
2420	T-shirt/top
2421	Pullover
2422	Trouser
2423	Sandal
2424	T-shirt/top
2425	T-shirt/top
2426	Bag
2427	Sneaker
2428	Bag
2429	Shirt
2430	Ankle boot
2431	Sandal
2432	Pullover
2433	Trouser
2434	Coat
2435	Trouser
2436	Trouser
2437	Shirt
2438	Pullover
2439	T-shirt/top
2440	Trouser
2441	Trouser
2442	Shirt
2443	Sneaker
2444	T-shirt/top
2445	Dress
2446	Ankle boot
2447	Ankle boot
2448	Dress
2449	Bag
2450	Trouser
2451	Pullover
2452	Bag
2453	Trouser
2454	Bag
2455	Sandal
2456	Ankle boot
2457	Bag
2458	Coat
2459	Trouser
2460	Dress
2461	Coat
2462	Sandal
2463	Bag
2464	Bag
2465	Shirt
2466	Sandal
2467	T-shirt/top
2468	Ankle boot
2469	Trouser
2470	Sneaker
2471	Trouser
2472	Pullover
2473	Pullover
2474	T-shirt/top
2475	Ankle boot
2476	Dress
2477	Trouser
2478	Bag
2479	Dress
2480	Trouser
2481	Shirt
2482	Sneaker
2483	Trouser
2484	Trouser
2485	Sandal
2486	Sandal
2487	Shirt
2488	Shirt
2489	Coat
2490	Shirt
2491	Ankle boot
2492	T-shirt/top
2493	Bag
2494	Shirt
2495	Sandal
2496	Pullover
2497	Ankle boot
2498	Trouser
2499	Bag
2500	Bag
2501	Dress
2502	Sandal
2503	Sandal
2504	T-shirt/top
2505	Bag
2506	Bag
2507	Sandal
2508	Dress
2509	T-shirt/top
2510	Sneaker
2511	Sandal
2512	Bag
2513	T-shirt/top
2514	Sandal
2515	Dress
2516	Shirt
2517	Coat
2518	Pullover
2519	Bag
2520	Dress
2521	T-shirt/top
2522	Pullover
2523	Pullover
2524	Dress
2525	Coat
2526	Sandal
2527	Ankle boot
2528	Ankle boot
2529	Coat
2530	Ankle boot
2531	Bag
2532	Coat
2533	T-shirt/top
2534	Ankle boot
2535	Coat
2536	Bag
2537	Ankle boot
2538	Trouser
2539	Shirt
2540	Ankle boot
2541	Sandal
2542	Pullover
2543	Sneaker
2544	Sneaker
2545	Dress
2546	Dress
2547	Shirt
2548	Trouser
2549	Pullover
2550	Pullover
2551	Dress
2552	Pullover
2553	T-shirt/top
2554	T-shirt/top
2555	Shirt
2556	Ankle boot
2557	Sandal
2558	Ankle boot
2559	Ankle boot
2560	Shirt
2561	Coat
2562	Dress
2563	Bag
2564	Shirt
2565	Shirt
2566	Sandal
2567	Ankle boot
2568	Dress
2569	Shirt
2570	T-shirt/top
2571	Bag
2572	Sandal
2573	Sandal
2574	Trouser
2575	Pullover
2576	T-shirt/top
2577	Sandal
2578	Trouser
2579	Sneaker
2580	Dress
2581	Pullover
2582	Ankle boot
2583	Trouser
2584	Coat
2585	Bag
2586	Ankle boot
2587	Ankle boot
2588	T-shirt/top
2589	Coat
2590	Sandal
2591	Sandal
2592	Coat
2593	Trouser
2594	Dress
2595	Sandal
2596	Bag
2597	Shirt
2598	Sneaker
2599	Sandal
2600	Sneaker
2601	Pullover
2602	Sandal
2603	Shirt
2604	Pullover
2605	Ankle boot
2606	Bag
2607	Bag
2608	Ankle boot
2609	Sneaker
2610	Shirt
2611	Shirt
2612	Pullover
2613	Trouser
2614	Dress
2615	Coat
2616	Bag
2617	Bag
2618	Dress
2619	Dress
2620	Ankle boot
2621	Bag
2622	Sneaker
2623	Shirt
2624	Dress
2625	Coat
2626	Sneaker
2627	Sandal
2628	Bag
2629	T-shirt/top
2630	Dress
2631	Trouser
2632	Pullover
2633	T-shirt/top
2634	Coat
2635	Coat
2636	Ankle boot
2637	Sneaker
2638	Sandal
2639	T-shirt/top
2640	Pullover
2641	Dress
2642	Shirt
2643	Sneaker
2644	Sneaker
2645	Sneaker
2646	T-shirt/top
2647	Shirt
2648	Coat
2649	Sneaker
2650	Ankle boot
2651	Bag
2652	Ankle boot
2653	Bag
2654	Pullover
2655	Ankle boot
2656	Sandal
2657	Bag
2658	Ankle boot
2659	Bag
2660	Pullover
2661	Pullover
2662	Shirt
2663	T-shirt/top
2664	Dress
2665	Pullover
2666	Ankle boot
2667	Pullover
2668	Shirt
2669	Sneaker
2670	Coat
2671	Dress
2672	Pullover
2673	Pullover
2674	Shirt
2675	Ankle boot
2676	Trouser
2677	Bag
2678	Pullover
2679	Bag
2680	Trouser
2681	T-shirt/top
2682	Sandal
2683	Trouser
2684	T-shirt/top
2685	Coat
2686	Trouser
2687	Shirt
2688	Dress
2689	Shirt
2690	Dress
2691	Coat
2692	Shirt
2693	Sandal
2694	Dress
2695	Sandal
2696	Coat
2697	Trouser
2698	Shirt
2699	Coat
2700	Sandal
2701	Pullover
2702	Sneaker
2703	Coat
2704	Shirt
2705	Dress
2706	Ankle boot
2707	Dress
2708	Ankle boot
2709	Trouser
2710	Pullover
2711	Sneaker
2712	Trouser
2713	Bag
2714	Sandal
2715	Trouser
2716	Sandal
2717	Pullover
2718	Dress
2719	Coat
2720	Trouser
2721	Trouser
2722	Shirt
2723	Coat
2724	Sandal
2725	Ankle boot
2726	Ankle boot
2727	Sneaker
2728	Dress
2729	T-shirt/top
2730	Coat
2731	Sandal
2732	Pullover
2733	T-shirt/top
2734	Bag
2735	Dress
2736	Ankle boot
2737	Sneaker
2738	Ankle boot
2739	Sandal
2740	Pullover
2741	Bag
2742	Bag
2743	T-shirt/top
2744	Bag
2745	Sandal
2746	Sandal
2747	Pullover
2748	Trouser
2749	Coat
2750	Ankle boot
2751	Sandal
2752	Trouser
2753	Sandal
2754	Sandal
2755	Ankle boot
2756	Dress
2757	Shirt
2758	Sandal
2759	Sandal
2760	Sandal
2761	T-shirt/top
2762	Ankle boot
2763	T-shirt/top
2764	Trouser
2765	Coat
2766	Coat
2767	Ankle boot
2768	Bag
2769	Dress
2770	Dress
2771	Ankle boot
2772	Bag
2773	Coat
2774	Bag
2775	Sneaker
2776	Trouser
2777	Coat
2778	Dress
2779	Coat
2780	Bag
2781	Shirt
2782	Bag
2783	Ankle boot
2784	Dress
2785	Trouser
2786	Sandal
2787	T-shirt/top
2788	Coat
2789	Shirt
2790	Sandal
2791	Trouser
2792	Sandal
2793	Dress
2794	Bag
2795	Dress
2796	Ankle boot
2797	Sneaker
2798	Ankle boot
2799	Coat
2800	Pullover
2801	T-shirt/top
2802	Sneaker
2803	Sneaker
2804	Dress
2805	Dress
2806	Pullover
2807	Shirt
2808	T-shirt/top
2809	Ankle boot
2810	Ankle boot
2811	Coat
2812	Dress
2813	T-shirt/top
2814	Sneaker
2815	Trouser
2816	Ankle boot
2817	Bag
2818	Coat
2819	Pullover
2820	T-shirt/top
2821	Ankle boot
2822	Sneaker
2823	Ankle boot
2824	Trouser
2825	T-shirt/top
2826	Bag
2827	Coat
2828	Shirt
2829	Pullover
2830	Ankle boot
2831	Trouser
2832	T-shirt/top
2833	Sneaker
2834	Ankle boot
2835	Trouser
2836	Sneaker
2837	Coat
2838	Sneaker
2839	Trouser
2840	Coat
2841	Bag
2842	Bag
2843	Shirt
2844	Ankle boot
2845	Pullover
2846	Shirt
2847	Sneaker
2848	Sneaker
2849	Coat
2850	Coat
2851	Sneaker
2852	Ankle boot
2853	T-shirt/top
2854	Pullover
2855	Sandal
2856	Sandal
2857	Trouser
2858	T-shirt/top
2859	T-shirt/top
2860	Sneaker
2861	Coat
2862	Ankle boot
2863	Sneaker
2864	Trouser
2865	Bag
2866	Bag
2867	Pullover
2868	Bag
2869	Trouser
2870	Shirt
2871	Sneaker
2872	Trouser
2873	Coat
2874	Dress
2875	Shirt
2876	T-shirt/top
2877	T-shirt/top
2878	Shirt
2879	Bag
2880	Pullover
2881	T-shirt/top
2882	Sandal
2883	Coat
2884	Pullover
2885	T-shirt/top
2886	Bag
2887	Sandal
2888	Coat
2889	Pullover
2890	Sneaker
2891	Trouser
2892	Sandal
2893	Bag
2894	Bag
2895	T-shirt/top
2896	Ankle boot
2897	Trouser
2898	Coat
2899	Dress
2900	Coat
2901	Dress
2902	Dress
2903	Dress
2904	Trouser
2905	Sandal
2906	Trouser
2907	Ankle boot
2908	Pullover
2909	Shirt
2910	Pullover
2911	Bag
2912	Coat
2913	Coat
2914	Sandal
2915	T-shirt/top
2916	Pullover
2917	Coat
2918	Pullover
2919	T-shirt/top
2920	Sneaker
2921	Dress
2922	Coat
2923	T-shirt/top
2924	Bag
2925	Bag
2926	Sneaker
2927	Sandal
2928	T-shirt/top
2929	Ankle boot
2930	Coat
2931	Trouser
2932	Sneaker
2933	Sandal
2934	T-shirt/top
2935	Coat
2936	Pullover
2937	T-shirt/top
2938	Bag
2939	Trouser
2940	Pullover
2941	Ankle boot
2942	Shirt
2943	Sandal
2944	T-shirt/top
2945	Ankle boot
2946	Dress
2947	T-shirt/top
2948	Pullover
2949	Ankle boot
2950	T-shirt/top
2951	Sandal
2952	Ankle boot
2953	Shirt
2954	Sandal
2955	Pullover
2956	Trouser
2957	Shirt
2958	Pullover
2959	T-shirt/top
2960	T-shirt/top
2961	Coat
2962	Dress
2963	Ankle boot
2964	Shirt
2965	T-shirt/top
2966	Bag
2967	Sneaker
2968	Sneaker
2969	Sandal
2970	Coat
2971	T-shirt/top
2972	Sandal
2973	Shirt
2974	Shirt
2975	Bag
2976	Trouser
2977	Sneaker
2978	Shirt
2979	Dress
2980	Sneaker
2981	Ankle boot
2982	Ankle boot
2983	Bag
2984	Coat
2985	Shirt
2986	Ankle boot
2987	Sandal
2988	Ankle boot
2989	Pullover
2990	Sandal
2991	T-shirt/top
2992	Coat
2993	Bag
2994	Coat
2995	Trouser
2996	Ankle boot
2997	T-shirt/top
2998	Pullover
2999	Dress
3000	Shirt
3001	Shirt
3002	Trouser
3003	T-shirt/top
3004	Pullover
3005	Bag
3006	Bag
3007	Ankle boot
3008	Trouser
3009	Shirt
3010	Sneaker
3011	T-shirt/top
3012	Dress
3013	Sneaker
3014	Shirt
3015	T-shirt/top
3016	Bag
3017	Pullover
3018	Sandal
3019	Dress
3020	Trouser
3021	Coat
3022	Ankle boot
3023	Bag
3024	Ankle boot
3025	Sandal
3026	Ankle boot
3027	Shirt
3028	Sandal
3029	Sneaker
3030	Trouser
3031	Sandal
3032	Ankle boot
3033	Sandal
3034	Sandal
3035	Shirt
3036	T-shirt/top
3037	Sneaker
3038	Bag
3039	T-shirt/top
3040	Shirt
3041	Dress
3042	Sandal
3043	Shirt
3044	Trouser
3045	Shirt
3046	Sneaker
3047	Bag
3048	Sandal
3049	Shirt
3050	Shirt
3051	Pullover
3052	Pullover
3053	Bag
3054	Dress
3055	Ankle boot
3056	Coat
3057	Dress
3058	Sneaker
3059	Pullover
3060	Ankle boot
3061	Shirt
3062	T-shirt/top
3063	Sneaker
3064	Ankle boot
3065	Bag
3066	Sandal
3067	Dress
3068	Pullover
3069	Bag
3070	Pullover
3071	Sneaker
3072	Shirt
3073	Sneaker
3074	Dress
3075	Dress
3076	Bag
3077	Sandal
3078	Sandal
3079	Trouser
3080	Coat
3081	Pullover
3082	Sneaker
3083	Shirt
3084	Sandal
3085	Ankle boot
3086	Shirt
3087	Trouser
3088	Dress
3089	Sandal
3090	Sandal
3091	Coat
3092	Sandal
3093	Dress
3094	Shirt
3095	Shirt
3096	T-shirt/top
3097	Coat
3098	Dress
3099	Bag
3100	Coat
3101	Dress
3102	Trouser
3103	Dress
3104	Pullover
3105	Bag
3106	Shirt
3107	Coat
3108	Coat
3109	Pullover
3110	Shirt
3111	Shirt
3112	Dress
3113	Trouser
3114	Ankle boot
3115	Shirt
3116	T-shirt/top
3117	Pullover
3118	Coat
3119	T-shirt/top
3120	Pullover
3121	Ankle boot
3122	Trouser
3123	T-shirt/top
3124	Bag
3125	Coat
3126	Dress
3127	Sneaker
3128	Ankle boot
3129	Ankle boot
3130	Coat
3131	Coat
3132	Coat
3133	Coat
3134	Sneaker
3135	Pullover
3136	Trouser
3137	Shirt
3138	Dress
3139	Pullover
3140	Sneaker
3141	Pullover
3142	Trouser
3143	Ankle boot
3144	Shirt
3145	Dress
3146	Pullover
3147	Sneaker
3148	Shirt
3149	Trouser
3150	Coat
3151	Sandal
3152	Pullover
3153	Trouser
3154	Trouser
3155	Trouser
3156	Bag
3157	Bag
3158	Bag
3159	Trouser
3160	Ankle boot
3161	T-shirt/top
3162	Shirt
3163	Dress
3164	Coat
3165	Dress
3166	T-shirt/top
3167	T-shirt/top
3168	Coat
3169	Ankle boot
3170	Coat
3171	Shirt
3172	Ankle boot
3173	Dress
3174	Sandal
3175	Coat
3176	Shirt
3177	Trouser
3178	Sandal
3179	Coat
3180	Ankle boot
3181	T-shirt/top
3182	Trouser
3183	T-shirt/top
3184	Sneaker
3185	Coat
3186	Sandal
3187	Dress
3188	Coat
3189	T-shirt/top
3190	Sneaker
3191	Bag
3192	Bag
3193	T-shirt/top
3194	Trouser
3195	Sandal
3196	Sandal
3197	Coat
3198	T-shirt/top
3199	Sneaker
3200	Sneaker
3201	T-shirt/top
3202	Ankle boot
3203	Sneaker
3204	Sneaker
3205	Sneaker
3206	T-shirt/top
3207	Shirt
3208	T-shirt/top
3209	Pullover
3210	Dress
3211	Dress
3212	Shirt
3213	Sandal
3214	Ankle boot
3215	Shirt
3216	Pullover
3217	Ankle boot
3218	Coat
3219	Sandal
3220	Coat
3221	Ankle boot
3222	Sandal
3223	Ankle boot
3224	Ankle boot
3225	Pullover
3226	Shirt
3227	Coat
3228	Dress
3229	Dress
3230	Ankle boot
3231	Ankle boot
3232	Dress
3233	Ankle boot
3234	Pullover
3235	Bag
3236	Trouser
3237	Sandal
3238	Bag
3239	T-shirt/top
3240	Pullover
3241	Ankle boot
3242	Sandal
3243	Shirt
3244	Pullover
3245	Pullover
3246	Trouser
3247	Sandal
3248	Dress
3249	Dress
3250	Ankle boot
3251	Sandal
3252	Pullover
3253	Coat
3254	T-shirt/top
3255	Coat
3256	Coat
3257	Coat
3258	Shirt
3259	Pullover
3260	Sneaker
3261	Ankle boot
3262	T-shirt/top
3263	Pullover
3264	Sneaker
3265	Sandal
3266	Dress
3267	Trouser
3268	Pullover
3269	Trouser
3270	T-shirt/top
3271	Trouser
3272	Shirt
3273	Trouser
3274	T-shirt/top
3275	Sneaker
3276	Sandal
3277	Trouser
3278	Trouser
3279	Bag
3280	Sneaker
3281	Dress
3282	Bag
3283	Bag
3284	Coat
3285	Shirt
3286	Sneaker
3287	Trouser
3288	Ankle boot
3289	Sneaker
3290	Sandal
3291	T-shirt/top
3292	Sandal
3293	Ankle boot
3294	Bag
3295	Sandal
3296	Pullover
3297	Pullover
3298	Coat
3299	Pullover
3300	Sandal
3301	Trouser
3302	Bag
3303	Pullover
3304	Trouser
3305	Dress
3306	Trouser
3307	Ankle boot
3308	T-shirt/top
3309	Dress
3310	Sandal
3311	Trouser
3312	Pullover
3313	Trouser
3314	Sneaker
3315	Pullover
3316	Trouser
3317	Sandal
3318	Pullover
3319	Shirt
3320	Trouser
3321	Bag
3322	Coat
3323	Ankle boot
3324	Coat
3325	Trouser
3326	Trouser
3327	Bag
3328	Dress
3329	Coat
3330	Trouser
3331	Sandal
3332	Sandal
3333	Shirt
3334	Trouser
3335	Bag
3336	Shirt
3337	Sneaker
3338	Dress
3339	Shirt
3340	Sandal
3341	Coat
3342	Pullover
3343	Ankle boot
3344	Ankle boot
3345	Coat
3346	Sneaker
3347	Shirt
3348	Coat
3349	Trouser
3350	Shirt
3351	Dress
3352	Sneaker
3353	Dress
3354	Ankle boot
3355	Trouser
3356	T-shirt/top
3357	Ankle boot
3358	Shirt
3359	Dress
3360	Bag
3361	Sandal
3362	Dress
3363	Coat
3364	Pullover
3365	Bag
3366	T-shirt/top
3367	Pullover
3368	T-shirt/top
3369	Shirt
3370	Dress
3371	Ankle boot
3372	Pullover
3373	Sneaker
3374	Ankle boot
3375	Shirt
3376	Shirt
3377	Bag
3378	Shirt
3379	Bag
3380	Bag
3381	Pullover
3382	Bag
3383	T-shirt/top
3384	Coat
3385	Bag
3386	Shirt
3387	Bag
3388	Shirt
3389	Sneaker
3390	Coat
3391	Trouser
3392	Shirt
3393	Ankle boot
3394	T-shirt/top
3395	Trouser
3396	Trouser
3397	Sandal
3398	Sandal
3399	Sneaker
3400	Bag
3401	Dress
3402	Bag
3403	Trouser
3404	Ankle boot
3405	Trouser
3406	Ankle boot
3407	Trouser
3408	Pullover
3409	Trouser
3410	Shirt
3411	Shirt
3412	Sandal
3413	Sneaker
3414	Ankle boot
3415	T-shirt/top
3416	Dress
3417	Sandal
3418	Shirt
3419	Bag
3420	Dress
3421	Bag
3422	Sneaker
3423	Trouser
3424	Sneaker
3425	Pullover
3426	Pullover
3427	Shirt
3428	Sandal
3429	Dress
3430	Dress
3431	Sandal
3432	Sandal
3433	Shirt
3434	Bag
3435	Sneaker
3436	Sandal
3437	Sneaker
3438	Sneaker
3439	Ankle boot
3440	Sandal
3441	Trouser
3442	Coat
3443	Bag
3444	T-shirt/top
3445	Shirt
3446	Dress
3447	T-shirt/top
3448	Ankle boot
3449	Shirt
3450	Bag
3451	Shirt
3452	Sandal
3453	T-shirt/top
3454	Bag
3455	T-shirt/top
3456	Pullover
3457	Coat
3458	Sandal
3459	Bag
3460	T-shirt/top
3461	Dress
3462	Pullover
3463	Bag
3464	Coat
3465	Trouser
3466	Coat
3467	Trouser
3468	Coat
3469	Bag
3470	Trouser
3471	Dress
3472	Dress
3473	Coat
3474	Coat
3475	Coat
3476	Coat
3477	Sneaker
3478	Coat
3479	Sneaker
3480	T-shirt/top
3481	Ankle boot
3482	Bag
3483	Sandal
3484	Dress
3485	T-shirt/top
3486	Bag
3487	Bag
3488	Pullover
3489	Trouser
3490	Shirt
3491	Sandal
3492	Coat
3493	Trouser
3494	Sneaker
3495	Bag
3496	Pullover
3497	Pullover
3498	Ankle boot
3499	Sneaker
3500	Pullover
3501	Sneaker
3502	Sandal
3503	Bag
3504	Pullover
3505	Dress
3506	Sandal
3507	Pullover
3508	Bag
3509	Coat
3510	Ankle boot
3511	T-shirt/top
3512	Shirt
3513	Ankle boot
3514	Trouser
3515	Shirt
3516	T-shirt/top
3517	Dress
3518	Coat
3519	Bag
3520	Dress
3521	Sneaker
3522	Sandal
3523	Pullover
3524	Coat
3525	Dress
3526	Pullover
3527	Bag
3528	T-shirt/top
3529	Dress
3530	Dress
3531	Sneaker
3532	Shirt
3533	Coat
3534	T-shirt/top
3535	Dress
3536	Shirt
3537	Coat
3538	Dress
3539	Ankle boot
3540	Coat
3541	Bag
3542	Sneaker
3543	Dress
3544	Shirt
3545	Trouser
3546	Sandal
3547	Sandal
3548	Shirt
3549	Sneaker
3550	Shirt
3551	Trouser
3552	T-shirt/top
3553	Trouser
3554	T-shirt/top
3555	Bag
3556	Bag
3557	Sandal
3558	T-shirt/top
3559	Coat
3560	Dress
3561	Sandal
3562	T-shirt/top
3563	Sneaker
3564	Trouser
3565	Bag
3566	Ankle boot
3567	Trouser
3568	Pullover
3569	Dress
3570	Ankle boot
3571	Bag
3572	Sneaker
3573	Sandal
3574	Dress
3575	Coat
3576	Pullover
3577	Sneaker
3578	Bag
3579	Sneaker
3580	T-shirt/top
3581	Coat
3582	Sneaker
3583	Dress
3584	T-shirt/top
3585	Bag
3586	Bag
3587	Bag
3588	Bag
3589	Shirt
3590	T-shirt/top
3591	Bag
3592	Shirt
3593	Shirt
3594	Shirt
3595	Shirt
3596	Shirt
3597	Sneaker
3598	Sandal
3599	Sandal
3600	Trouser
3601	Sandal
3602	Pullover
3603	Trouser
3604	Sneaker
3605	Ankle boot
3606	T-shirt/top
3607	T-shirt/top
3608	Shirt
3609	Pullover
3610	Ankle boot
3611	Pullover
3612	Trouser
3613	Pullover
3614	Sandal
3615	T-shirt/top
3616	Trouser
3617	Sneaker
3618	Dress
3619	Bag
3620	Sneaker
3621	Bag
3622	Trouser
3623	T-shirt/top
3624	Trouser
3625	Ankle boot
3626	Shirt
3627	Sandal
3628	Bag
3629	Coat
3630	Shirt
3631	Shirt
3632	Coat
3633	T-shirt/top
3634	Pullover
3635	Bag
3636	T-shirt/top
3637	Trouser
3638	Sandal
3639	Bag
3640	Bag
3641	Trouser
3642	Ankle boot
3643	Sneaker
3644	Trouser
3645	Coat
3646	Bag
3647	Sneaker
3648	Ankle boot
3649	Pullover
3650	Ankle boot
3651	Coat
3652	Coat
3653	Shirt
3654	Sandal
3655	Sandal
3656	Dress
3657	Pullover
3658	Ankle boot
3659	Ankle boot
3660	Bag
3661	Shirt
3662	Coat
3663	Bag
3664	Dress
3665	Dress
3666	Shirt
3667	Sandal
3668	Sneaker
3669	Ankle boot
3670	T-shirt/top
3671	Shirt
3672	T-shirt/top
3673	Sneaker
3674	Ankle boot
3675	Sneaker
3676	Sneaker
3677	Bag
3678	T-shirt/top
3679	Bag
3680	Sneaker
3681	Shirt
3682	Dress
3683	Pullover
3684	T-shirt/top
3685	Trouser
3686	Dress
3687	Pullover
3688	Sandal
3689	Coat
3690	Sneaker
3691	Dress
3692	Shirt
3693	Coat
3694	Ankle boot
3695	Bag
3696	Pullover
3697	Dress
3698	Sandal
3699	Sneaker
3700	Shirt
3701	Trouser
3702	T-shirt/top
3703	Pullover
3704	Bag
3705	Coat
3706	Sandal
3707	Shirt
3708	Sandal
3709	Coat
3710	Sneaker
3711	Shirt
3712	Sneaker
3713	Trouser
3714	Sandal
3715	Pullover
3716	Bag
3717	Sneaker
3718	Bag
3719	Shirt
3720	Trouser
3721	Bag
3722	Dress
3723	Ankle boot
3724	Bag
3725	T-shirt/top
3726	Dress
3727	Dress
3728	Sneaker
3729	Ankle boot
3730	Bag
3731	Dress
3732	Dress
3733	Bag
3734	Pullover
3735	Sandal
3736	Trouser
3737	Ankle boot
3738	Sneaker
3739	Sandal
3740	Trouser
3741	Coat
3742	Shirt
3743	Shirt
3744	Bag
3745	Shirt
3746	Bag
3747	Ankle boot
3748	Shirt
3749	Ankle boot
3750	Shirt
3751	Trouser
3752	Coat
3753	Pullover
3754	Trouser
3755	Sandal
3756	Ankle boot
3757	Dress
3758	Pullover
3759	Coat
3760	Coat
3761	Shirt
3762	T-shirt/top
3763	Shirt
3764	Sandal
3765	Ankle boot
3766	Sandal
3767	Sneaker
3768	Coat
3769	Pullover
3770	Trouser
3771	Shirt
3772	Sandal
3773	Coat
3774	Trouser
3775	Shirt
3776	Sneaker
3777	Shirt
3778	Sandal
3779	Bag
3780	T-shirt/top
3781	Dress
3782	Sandal
3783	Ankle boot
3784	Dress
3785	Sneaker
3786	Sandal
3787	Dress
3788	Bag
3789	Ankle boot
3790	Coat
3791	Sneaker
3792	Coat
3793	Bag
3794	Dress
3795	Pullover
3796	Bag
3797	Sneaker
3798	Dress
3799	Dress
3800	Coat
3801	Coat
3802	Sandal
3803	Bag
3804	T-shirt/top
3805	Shirt
3806	Shirt
3807	Bag
3808	Trouser
3809	Ankle boot
3810	Shirt
3811	Pullover
3812	Sneaker
3813	Sneaker
3814	Ankle boot
3815	T-shirt/top
3816	Ankle boot
3817	Trouser
3818	Sandal
3819	T-shirt/top
3820	Shirt
3821	Ankle boot
3822	T-shirt/top
3823	Bag
3824	Coat
3825	Sandal
3826	Dress
3827	T-shirt/top
3828	Coat
3829	Trouser
3830	Ankle boot
3831	Shirt
3832	Dress
3833	Coat
3834	Sandal
3835	Pullover
3836	Pullover
3837	Pullover
3838	Dress
3839	Bag
3840	Ankle boot
3841	Pullover
3842	Bag
3843	Dress
3844	Bag
3845	Pullover
3846	Pullover
3847	Shirt
3848	Ankle boot
3849	Bag
3850	Shirt
3851	Coat
3852	T-shirt/top
3853	Bag
3854	Dress
3855	Sneaker
3856	Sneaker
3857	Ankle boot
3858	Shirt
3859	Ankle boot
3860	Trouser
3861	T-shirt/top
3862	Coat
3863	Coat
3864	Pullover
3865	Shirt
3866	Dress
3867	Pullover
3868	T-shirt/top
3869	Bag
3870	Dress
3871	T-shirt/top
3872	Trouser
3873	Bag
3874	Sandal
3875	Trouser
3876	Pullover
3877	Sandal
3878	Sandal
3879	Shirt
3880	Sneaker
3881	Coat
3882	Bag
3883	T-shirt/top
3884	Dress
3885	Coat
3886	Sneaker
3887	Trouser
3888	Coat
3889	Pullover
3890	T-shirt/top
3891	Bag
3892	Dress
3893	T-shirt/top
3894	Trouser
3895	Bag
3896	T-shirt/top
3897	Bag
3898	Shirt
3899	T-shirt/top
3900	Pullover
3901	Shirt
3902	Shirt
3903	T-shirt/top
3904	T-shirt/top
3905	Trouser
3906	Sneaker
3907	T-shirt/top
3908	Shirt
3909	Dress
3910	Bag
3911	Shirt
3912	Coat
3913	Bag
3914	T-shirt/top
3915	Sneaker
3916	Shirt
3917	Sneaker
3918	Dress
3919	T-shirt/top
3920	T-shirt/top
3921	Ankle boot
3922	Coat
3923	Pullover
3924	Dress
3925	Trouser
3926	Sandal
3927	Pullover
3928	Dress
3929	Trouser
3930	Shirt
3931	Bag
3932	Dress
3933	Trouser
3934	T-shirt/top
3935	T-shirt/top
3936	Dress
3937	Sandal
3938	Trouser
3939	Trouser
3940	Shirt
3941	Bag
3942	Ankle boot
3943	Coat
3944	Coat
3945	T-shirt/top
3946	Bag
3947	Coat
3948	T-shirt/top
3949	Sandal
3950	Dress
3951	Ankle boot
3952	Bag
3953	T-shirt/top
3954	Sandal
3955	Sandal
3956	Ankle boot
3957	Pullover
3958	Trouser
3959	Trouser
3960	Bag
3961	Trouser
3962	Shirt
3963	Coat
3964	Bag
3965	Bag
3966	Sandal
3967	T-shirt/top
3968	Sneaker
3969	Shirt
3970	Trouser
3971	Trouser
3972	Shirt
3973	Pullover
3974	Ankle boot
3975	Pullover
3976	Bag
3977	Bag
3978	Ankle boot
3979	T-shirt/top
3980	Coat
3981	Dress
3982	T-shirt/top
3983	Trouser
3984	Sandal
3985	Dress
3986	Shirt
3987	Sandal
3988	Coat
3989	Ankle boot
3990	Coat
3991	Trouser
3992	Coat
3993	Dress
3994	Coat
3995	Pullover
3996	Sneaker
3997	Sneaker
3998	Coat
3999	Shirt
4000	T-shirt/top
4001	Sneaker
4002	Dress
4003	Trouser
4004	Sandal
4005	Trouser
4006	Bag
4007	Sneaker
4008	Sneaker
4009	Sandal
4010	Bag
4011	Dress
4012	Ankle boot
4013	Trouser
4014	Bag
4015	Coat
4016	Dress
4017	T-shirt/top
4018	Sneaker
4019	Ankle boot
4020	Dress
4021	Trouser
4022	Pullover
4023	T-shirt/top
4024	Coat
4025	Dress
4026	Pullover
4027	Shirt
4028	Dress
4029	Pullover
4030	Sneaker
4031	Ankle boot
4032	Pullover
4033	Sneaker
4034	T-shirt/top
4035	Pullover
4036	Coat
4037	Shirt
4038	Bag
4039	Pullover
4040	Trouser
4041	Shirt
4042	Coat
4043	Bag
4044	Sneaker
4045	Dress
4046	Ankle boot
4047	Sneaker
4048	Sandal
4049	Sneaker
4050	Dress
4051	Sandal
4052	Shirt
4053	Ankle boot
4054	Dress
4055	Sneaker
4056	Sandal
4057	Sneaker
4058	Shirt
4059	Ankle boot
4060	Bag
4061	Shirt
4062	Trouser
4063	Sandal
4064	Pullover
4065	Coat
4066	Coat
4067	Shirt
4068	Sandal
4069	Dress
4070	Bag
4071	Pullover
4072	T-shirt/top
4073	Shirt
4074	Trouser
4075	Ankle boot
4076	Pullover
4077	Coat
4078	Ankle boot
4079	Sneaker
4080	T-shirt/top
4081	Dress
4082	Trouser
4083	Dress
4084	Sneaker
4085	Dress
4086	Sneaker
4087	T-shirt/top
4088	Sneaker
4089	Bag
4090	T-shirt/top
4091	Ankle boot
4092	Shirt
4093	Sandal
4094	Dress
4095	Bag
4096	Dress
4097	Sandal
4098	Sneaker
4099	Coat
4100	Pullover
4101	T-shirt/top
4102	Sandal
4103	Dress
4104	Trouser
4105	Coat
4106	Sandal
4107	Sandal
4108	T-shirt/top
4109	Bag
4110	Shirt
4111	T-shirt/top
4112	Bag
4113	Dress
4114	Sandal
4115	Pullover
4116	Trouser
4117	Sneaker
4118	Shirt
4119	Sneaker
4120	Sandal
4121	Trouser
4122	Ankle boot
4123	Sneaker
4124	Sandal
4125	Ankle boot
4126	Bag
4127	Dress
4128	Trouser
4129	Sandal
4130	Sandal
4131	Sandal
4132	Ankle boot
4133	Ankle boot
4134	Sneaker
4135	Pullover
4136	Sneaker
4137	Ankle boot
4138	Sandal
4139	Trouser
4140	Trouser
4141	Coat
4142	Pullover
4143	T-shirt/top
4144	Dress
4145	Sneaker
4146	Sneaker
4147	Bag
4148	Shirt
4149	Ankle boot
4150	T-shirt/top
4151	Coat
4152	Trouser
4153	Shirt
4154	Ankle boot
4155	Sneaker
4156	Bag
4157	T-shirt/top
4158	Ankle boot
4159	Sneaker
4160	Ankle boot
4161	Pullover
4162	Ankle boot
4163	Sneaker
4164	Trouser
4165	Coat
4166	Dress
4167	T-shirt/top
4168	Shirt
4169	Dress
4170	Sneaker
4171	Bag
4172	Sneaker
4173	Sneaker
4174	Shirt
4175	Trouser
4176	Sneaker
4177	Ankle boot
4178	Bag
4179	Sandal
4180	Bag
4181	Dress
4182	Pullover
4183	Sandal
4184	Bag
4185	Sandal
4186	Ankle boot
4187	Ankle boot
4188	T-shirt/top
4189	Trouser
4190	Trouser
4191	Shirt
4192	T-shirt/top
4193	Ankle boot
4194	T-shirt/top
4195	Bag
4196	Sandal
4197	Dress
4198	Trouser
4199	Sandal
4200	Trouser
4201	Coat
4202	Coat
4203	Shirt
4204	Trouser
4205	Sandal
4206	Dress
4207	Trouser
4208	Shirt
4209	T-shirt/top
4210	Bag
4211	Shirt
4212	Coat
4213	Sneaker
4214	Shirt
4215	Pullover
4216	Pullover
4217	Bag
4218	Sandal
4219	Ankle boot
4220	Shirt
4221	Shirt
4222	T-shirt/top
4223	Dress
4224	Shirt
4225	Sneaker
4226	Dress
4227	Bag
4228	Coat
4229	Dress
4230	Dress
4231	Shirt
4232	Bag
4233	Coat
4234	Trouser
4235	Sandal
4236	Pullover
4237	Dress
4238	T-shirt/top
4239	T-shirt/top
4240	Trouser
4241	Sneaker
4242	Ankle boot
4243	Trouser
4244	Shirt
4245	Ankle boot
4246	Coat
4247	T-shirt/top
4248	Dress
4249	Ankle boot
4250	Coat
4251	T-shirt/top
4252	Shirt
4253	Bag
4254	T-shirt/top
4255	T-shirt/top
4256	Sneaker
4257	T-shirt/top
4258	Pullover
4259	Trouser
4260	Coat
4261	Dress
4262	Dress
4263	Trouser
4264	Coat
4265	Shirt
4266	Dress
4267	Bag
4268	Coat
4269	Shirt
4270	Coat
4271	Ankle boot
4272	Sandal
4273	Trouser
4274	Sandal
4275	Sandal
4276	Ankle boot
4277	Sneaker
4278	Ankle boot
4279	Ankle boot
4280	Ankle boot
4281	Pullover
4282	Dress
4283	Ankle boot
4284	Sneaker
4285	Dress
4286	Coat
4287	Ankle boot
4288	Coat
4289	Bag
4290	Shirt
4291	Shirt
4292	Coat
4293	Ankle boot
4294	Ankle boot
4295	Sandal
4296	Dress
4297	Coat
4298	Sandal
4299	Sneaker
4300	Trouser
4301	Bag
4302	Bag
4303	Shirt
4304	Coat
4305	Trouser
4306	Shirt
4307	Coat
4308	Pullover
4309	Trouser
4310	Trouser
4311	Dress
4312	Sneaker
4313	Pullover
4314	Sneaker
4315	Trouser
4316	Shirt
4317	Pullover
4318	Sneaker
4319	Ankle boot
4320	T-shirt/top
4321	Ankle boot
4322	Ankle boot
4323	Coat
4324	Trouser
4325	Dress
4326	Pullover
4327	Dress
4328	Coat
4329	Sneaker
4330	Bag
4331	Pullover
4332	Sneaker
4333	T-shirt/top
4334	Pullover
4335	T-shirt/top
4336	Shirt
4337	Shirt
4338	Dress
4339	Shirt
4340	Coat
4341	Coat
4342	Sneaker
4343	Bag
4344	Ankle boot
4345	Coat
4346	Bag
4347	Sneaker
4348	Shirt
4349	Dress
4350	Bag
4351	Shirt
4352	Sandal
4353	Dress
4354	Trouser
4355	Sandal
4356	Shirt
4357	Trouser
4358	Dress
4359	Pullover
4360	T-shirt/top
4361	Sandal
4362	Ankle boot
4363	T-shirt/top
4364	T-shirt/top
4365	Trouser
4366	Dress
4367	Dress
4368	Bag
4369	Coat
4370	Sandal
4371	Ankle boot
4372	Shirt
4373	Ankle boot
4374	Coat
4375	Pullover
4376	Trouser
4377	Sneaker
4378	Bag
4379	Sneaker
4380	Coat
4381	Pullover
4382	T-shirt/top
4383	T-shirt/top
4384	Coat
4385	Shirt
4386	Ankle boot
4387	Ankle boot
4388	Shirt
4389	Ankle boot
4390	Sneaker
4391	T-shirt/top
4392	Coat
4393	Shirt
4394	Pullover
4395	Pullover
4396	Pullover
4397	Sneaker
4398	Pullover
4399	Shirt
4400	Dress
4401	T-shirt/top
4402	Shirt
4403	Shirt
4404	Dress
4405	Dress
4406	Shirt
4407	Trouser
4408	Dress
4409	Trouser
4410	Sandal
4411	Trouser
4412	Ankle boot
4413	Shirt
4414	Pullover
4415	Coat
4416	Coat
4417	Pullover
4418	Bag
4419	Dress
4420	Coat
4421	Coat
4422	Bag
4423	Dress
4424	Dress
4425	Sneaker
4426	Sneaker
4427	Pullover
4428	Sandal
4429	Pullover
4430	Sandal
4431	Trouser
4432	Shirt
4433	Sneaker
4434	Trouser
4435	Dress
4436	Coat
4437	Pullover
4438	Bag
4439	Ankle boot
4440	Sandal
4441	T-shirt/top
4442	Bag
4443	T-shirt/top
4444	Dress
4445	Pullover
4446	Bag
4447	Trouser
4448	Trouser
4449	Pullover
4450	Sandal
4451	T-shirt/top
4452	Shirt
4453	Sandal
4454	Dress
4455	T-shirt/top
4456	Ankle boot
4457	T-shirt/top
4458	Sandal
4459	Trouser
4460	Sneaker
4461	Trouser
4462	Sandal
4463	Ankle boot
4464	Bag
4465	Shirt
4466	T-shirt/top
4467	Shirt
4468	Ankle boot
4469	Bag
4470	Bag
4471	Dress
4472	Dress
4473	Sneaker
4474	T-shirt/top
4475	Bag
4476	Dress
4477	Sneaker
4478	Dress
4479	Sneaker
4480	Ankle boot
4481	Sandal
4482	T-shirt/top
4483	T-shirt/top
4484	Trouser
4485	Shirt
4486	Ankle boot
4487	Sneaker
4488	Ankle boot
4489	Trouser
4490	Pullover
4491	Coat
4492	Sandal
4493	Shirt
4494	Sandal
4495	Bag
4496	Bag
4497	Ankle boot
4498	Pullover
4499	Trouser
4500	Dress
4501	Shirt
4502	T-shirt/top
4503	Pullover
4504	Bag
4505	Dress
4506	Bag
4507	Pullover
4508	Ankle boot
4509	Pullover
4510	Pullover
4511	Ankle boot
4512	Sneaker
4513	Sandal
4514	Pullover
4515	Coat
4516	Trouser
4517	Dress
4518	Pullover
4519	Coat
4520	T-shirt/top
4521	Ankle boot
4522	T-shirt/top
4523	T-shirt/top
4524	Sneaker
4525	Coat
4526	Bag
4527	Sneaker
4528	Shirt
4529	Sneaker
4530	Bag
4531	Coat
4532	Pullover
4533	T-shirt/top
4534	Shirt
4535	Shirt
4536	Shirt
4537	Dress
4538	Bag
4539	Sandal
4540	Bag
4541	T-shirt/top
4542	T-shirt/top
4543	Trouser
4544	Sandal
4545	T-shirt/top
4546	Trouser
4547	Sneaker
4548	Bag
4549	Ankle boot
4550	Pullover
4551	Ankle boot
4552	T-shirt/top
4553	Trouser
4554	Sandal
4555	Shirt
4556	Pullover
4557	Coat
4558	T-shirt/top
4559	Coat
4560	Sneaker
4561	Trouser
4562	Sneaker
4563	T-shirt/top
4564	Bag
4565	Trouser
4566	Trouser
4567	Ankle boot
4568	Sneaker
4569	Pullover
4570	Ankle boot
4571	Coat
4572	Shirt
4573	T-shirt/top
4574	Ankle boot
4575	Coat
4576	Trouser
4577	Sneaker
4578	Trouser
4579	Trouser
4580	Sneaker
4581	T-shirt/top
4582	Trouser
4583	Coat
4584	Coat
4585	Trouser
4586	Trouser
4587	Trouser
4588	Sandal
4589	Sandal
4590	Ankle boot
4591	Sandal
4592	Sandal
4593	Bag
4594	Sneaker
4595	Sandal
4596	Trouser
4597	Bag
4598	Shirt
4599	Dress
4600	Ankle boot
4601	Bag
4602	Coat
4603	Ankle boot
4604	Ankle boot
4605	Ankle boot
4606	Coat
4607	Dress
4608	T-shirt/top
4609	Pullover
4610	Sneaker
4611	Ankle boot
4612	T-shirt/top
4613	Shirt
4614	Trouser
4615	Ankle boot
4616	Coat
4617	Shirt
4618	Trouser
4619	Sneaker
4620	Trouser
4621	Dress
4622	Sneaker
4623	Pullover
4624	Sneaker
4625	T-shirt/top
4626	Sandal
4627	Ankle boot
4628	Pullover
4629	T-shirt/top
4630	Shirt
4631	Coat
4632	Sandal
4633	Coat
4634	Pullover
4635	Ankle boot
4636	Bag
4637	Shirt
4638	Dress
4639	Sneaker
4640	Bag
4641	Coat
4642	Trouser
4643	T-shirt/top
4644	Coat
4645	T-shirt/top
4646	Ankle boot
4647	T-shirt/top
4648	Sandal
4649	Pullover
4650	Bag
4651	T-shirt/top
4652	Trouser
4653	Sandal
4654	Bag
4655	Trouser
4656	Trouser
4657	Ankle boot
4658	Pullover
4659	Sandal
4660	Dress
4661	Ankle boot
4662	Ankle boot
4663	Ankle boot
4664	Coat
4665	Shirt
4666	Coat
4667	Coat
4668	Bag
4669	Shirt
4670	T-shirt/top
4671	Sneaker
4672	Coat
4673	Coat
4674	Sandal
4675	Bag
4676	Sneaker
4677	Ankle boot
4678	Bag
4679	Coat
4680	T-shirt/top
4681	Pullover
4682	Ankle boot
4683	Trouser
4684	Ankle boot
4685	Dress
4686	Trouser
4687	T-shirt/top
4688	Ankle boot
4689	T-shirt/top
4690	Dress
4691	Dress
4692	Coat
4693	Pullover
4694	Sneaker
4695	Sandal
4696	Dress
4697	Dress
4698	Trouser
4699	Sneaker
4700	Coat
4701	Sneaker
4702	Bag
4703	Bag
4704	T-shirt/top
4705	Shirt
4706	Sandal
4707	Bag
4708	Bag
4709	Shirt
4710	Bag
4711	Bag
4712	Sandal
4713	Coat
4714	T-shirt/top
4715	Ankle boot
4716	Sandal
4717	Pullover
4718	Sandal
4719	Bag
4720	Coat
4721	Pullover
4722	Sneaker
4723	Trouser
4724	Trouser
4725	Dress
4726	Trouser
4727	Shirt
4728	T-shirt/top
4729	T-shirt/top
4730	Bag
4731	Shirt
4732	Trouser
4733	Dress
4734	Bag
4735	Trouser
4736	Coat
4737	Ankle boot
4738	T-shirt/top
4739	Trouser
4740	Bag
4741	Bag
4742	T-shirt/top
4743	Trouser
4744	Dress
4745	Bag
4746	Coat
4747	Sneaker
4748	T-shirt/top
4749	Sandal
4750	Trouser
4751	Sneaker
4752	Coat
4753	Pullover
4754	Dress
4755	Trouser
4756	Pullover
4757	T-shirt/top
4758	Shirt
4759	Dress
4760	Sandal
4761	Dress
4762	Sneaker
4763	Sneaker
4764	Bag
4765	Coat
4766	T-shirt/top
4767	Shirt
4768	Sandal
4769	Dress
4770	Ankle boot
4771	Bag
4772	Sneaker
4773	Pullover
4774	T-shirt/top
4775	Sandal
4776	Trouser
4777	Sandal
4778	Sneaker
4779	Sandal
4780	Sneaker
4781	Ankle boot
4782	Sandal
4783	T-shirt/top
4784	Sandal
4785	T-shirt/top
4786	Ankle boot
4787	Coat
4788	Trouser
4789	Shirt
4790	Coat
4791	T-shirt/top
4792	Trouser
4793	Coat
4794	Coat
4795	Coat
4796	T-shirt/top
4797	Ankle boot
4798	Pullover
4799	Pullover
4800	Ankle boot
4801	Dress
4802	Coat
4803	T-shirt/top
4804	Pullover
4805	Sneaker
4806	Sneaker
4807	Ankle boot
4808	Bag
4809	T-shirt/top
4810	Trouser
4811	Pullover
4812	Bag
4813	Ankle boot
4814	Bag
4815	Pullover
4816	Coat
4817	Bag
4818	Pullover
4819	Trouser
4820	Ankle boot
4821	Trouser
4822	Ankle boot
4823	Trouser
4824	Bag
4825	Trouser
4826	Trouser
4827	Coat
4828	Pullover
4829	Pullover
4830	Pullover
4831	Ankle boot
4832	Coat
4833	Shirt
4834	Pullover
4835	Trouser
4836	Sneaker
4837	Trouser
4838	T-shirt/top
4839	Ankle boot
4840	T-shirt/top
4841	Dress
4842	Sneaker
4843	Coat
4844	Shirt
4845	T-shirt/top
4846	Coat
4847	T-shirt/top
4848	Dress
4849	Ankle boot
4850	Dress
4851	Ankle boot
4852	T-shirt/top
4853	Trouser
4854	Sneaker
4855	Bag
4856	Sneaker
4857	Bag
4858	Shirt
4859	Shirt
4860	Trouser
4861	Trouser
4862	Coat
4863	Sneaker
4864	Coat
4865	Dress
4866	Dress
4867	Trouser
4868	Sandal
4869	Dress
4870	Pullover
4871	Ankle boot
4872	Ankle boot
4873	Dress
4874	Pullover
4875	Coat
4876	Coat
4877	Ankle boot
4878	Bag
4879	Pullover
4880	Bag
4881	Pullover
4882	Bag
4883	Ankle boot
4884	Shirt
4885	T-shirt/top
4886	Pullover
4887	Shirt
4888	Ankle boot
4889	Dress
4890	Ankle boot
4891	Bag
4892	Coat
4893	T-shirt/top
4894	Pullover
4895	Pullover
4896	Ankle boot
4897	Shirt
4898	Sneaker
4899	Pullover
